id,Nom,Factures,Crédits,Membres de l'équipe,Tags,Dernière connexion,Contact name,First name,Last name,Email,Phone,City,Fuseau horaire
TS1,The Simpsons Family,,,"","",,"","","","","","",Africa/Lagos
BW1,"Borton, Wendell",,,"","",,"","","","","","",Africa/Lagos
BK1,"Brockman, Kent",,,"","",,"","","","","","",Africa/Lagos
BC1,"Burns, Charles Montgomery",,,"","",,"","","","","","",Africa/Lagos
MB1,"Man, Bumblebee",,,"","",,"","","","","","",Africa/Lagos
CG1,"Chalmers, Gary",,,"","",,"","","","","","",Africa/Lagos
CS1,"Christian, Scott",,,"","",,"","","","","","",Africa/Lagos
DD1,"Desmond, Declan",,,"","",,"","","","","","",Africa/Lagos
TF1,The Flanders Family,,,"","",,"","","","","","",Africa/Lagos
TG1,"Terwilliger, Gino",,,"","",,"","","","","","",Africa/Lagos
